{
  "CoverPageSectionId": "40272040-1a00-4953-851d-8ed03a12b8fb",
  "Id": "e385b97bdf634ad39d7b7ac8a1f328f1",
  "Revision": 1964,
  "Children": [
    {
      "$type": "Group",
      "Children": [
        {
          "$type": "StaticText",
          "Children": [],
          "VariableName": "",
          "PublicKey": "5dc505e3-6ed9-b00a-8aa4-775ffd9db7a3",
          "Text": "",
          "AttachmentName": "Visuel_tara_enquete_assso",
          "ValidationConditions": [],
          "ConditionExpression": "",
          "HideIfDisabled": false
        },
        {
          "$type": "TextQuestion",
          "QuestionType": 7,
          "Answers": [],
          "Children": [],
          "ConditionExpression": "",
          "HideIfDisabled": false,
          "Featured": true,
          "Instructions": "",
          "Properties": {
            "HideInstructions": false,
            "UseFormatting": false,
            "GeometryType": 0,
            "GeometryInputMode": 0,
            "IsCritical": false
          },
          "PublicKey": "a122c6b6-35f6-4f20-9cf9-341bdc2eff2f",
          "QuestionScope": 0,
          "QuestionText": "Nom de votre association :",
          "StataExportCaption": "S1ASSO_NOM",
          "VariableLabel": "Nom_asso",
          "IsTimestamp": false,
          "ValidationConditions": [],
          "VariableName": "S1ASSO_NOM"
        },
        {
          "$type": "NumericQuestion",
          "QuestionType": 4,
          "IsInteger": true,
          "UseFormatting": false,
          "Answers": [],
          "Children": [],
          "ConditionExpression": "",
          "HideIfDisabled": false,
          "Featured": true,
          "Instructions": "",
          "Properties": {
            "HideInstructions": false,
            "UseFormatting": false,
            "GeometryType": 0,
            "GeometryInputMode": 0,
            "IsCritical": false
          },
          "PublicKey": "6e6e7998-11d6-4729-8631-5cc5352b3869",
          "QuestionScope": 0,
          "QuestionText": "Votre N° RIDET est :",
          "StataExportCaption": "S1ASSO_RID",
          "VariableLabel": "RID",
          "IsTimestamp": false,
          "ValidationConditions": [],
          "VariableName": "S1ASSO_RID"
        }
      ],
      "ConditionExpression": "",
      "HideIfDisabled": false,
      "IsFlatMode": false,
      "IsPlainMode": false,
      "DisplayMode": 0,
      "Enabled": true,
      "Description": "",
      "VariableName": "Titre",
      "IsRoster": false,
      "CustomRosterTitle": false,
      "RosterSizeSource": 0,
      "FixedRosterTitles": [],
      "PublicKey": "40272040-1a00-4953-851d-8ed03a12b8fb",
      "Title": "🔎 ENQUÊTE ASSOCIATIONS 2024"
    },
    {
      "$type": "Group",
      "Children": [
        {
          "$type": "StaticText",
          "Children": [],
          "VariableName": "",
          "PublicKey": "97b536b9-ce0f-2062-ea3d-e85dc94d3ff9",
          "Text": "<b><font color=\"#0066cc\" size=\"3\">\n                      IDENTIFICATION ✔️                </font></b>",
          "AttachmentName": "",
          "ValidationConditions": [],
          "ConditionExpression": "",
          "HideIfDisabled": false
        },
        {
          "$type": "SingleQuestion",
          "QuestionType": 0,
          "ShowAsList": false,
          "Answers": [
            {
              "AnswerText": "Oui",
              "AnswerValue": "1"
            },
            {
              "AnswerText": "Non, le nom est toujours le même.",
              "AnswerValue": "2"
            }
          ],
          "Children": [],
          "ConditionExpression": "",
          "HideIfDisabled": false,
          "Featured": false,
          "Instructions": "",
          "Properties": {
            "HideInstructions": false,
            "UseFormatting": false,
            "GeometryType": 0,
            "GeometryInputMode": 0,
            "IsCritical": false
          },
          "PublicKey": "796e295c-c096-689c-8895-9e3067a56263",
          "QuestionScope": 0,
          "QuestionText": "Votre association a-t-elle changé de nom (actuellement %S1ASSO_NOM%) ?",
          "StataExportCaption": "S1_CONFIRMATION_NOM",
          "VariableLabel": "Confirmation du nom",
          "IsFilteredCombobox": false,
          "IsTimestamp": false,
          "ValidationConditions": [],
          "VariableName": "S1_CONFIRMATION_NOM"
        },
        {
          "$type": "TextQuestion",
          "QuestionType": 7,
          "Answers": [],
          "Children": [],
          "ConditionExpression": "S1_CONFIRMATION_NOM.InList(1) /* S'active si l'asso à changé de nom*/",
          "HideIfDisabled": false,
          "Featured": false,
          "Instructions": "Veuillez inscrire l'intégralité du nom en MAJUSCULE (ex : ASSOCIATION ENQUETE NC)",
          "Properties": {
            "HideInstructions": false,
            "UseFormatting": false,
            "GeometryType": 0,
            "GeometryInputMode": 0,
            "IsCritical": false
          },
          "PublicKey": "fb13de69-4e2f-50df-ace0-709156e7576f",
          "QuestionScope": 0,
          "QuestionText": "Quel est le nouveau nom de votre association ?",
          "StataExportCaption": "S1_NOUVEAU_NOM",
          "VariableLabel": "Nouveau nom",
          "IsTimestamp": false,
          "ValidationConditions": [],
          "VariableName": "S1_NOUVEAU_NOM"
        },
        {
          "$type": "SingleQuestion",
          "QuestionType": 0,
          "ShowAsList": false,
          "CategoriesId": "f02c601b-5728-1ff1-577d-c08b624ac4db",
          "Answers": [],
          "Children": [],
          "ConditionExpression": "",
          "HideIfDisabled": false,
          "Featured": false,
          "Instructions": "Veuillez vérifiez OU sélectionnez votre PRINCIPAL domaine d'activité.",
          "Properties": {
            "HideInstructions": false,
            "UseFormatting": false,
            "OptionsFilterExpression": "",
            "GeometryType": 0,
            "GeometryInputMode": 0,
            "IsCritical": false
          },
          "PublicKey": "aa850087-cb60-0102-798a-f3d7ba6b3e8f",
          "QuestionScope": 0,
          "QuestionText": "Votre PRINCIPAL domaine d'activité est :",
          "StataExportCaption": "S1ASSO_DOM",
          "VariableLabel": "Domaine_activite",
          "LinkedFilterExpression": "",
          "IsFilteredCombobox": false,
          "IsTimestamp": false,
          "ValidationConditions": [],
          "VariableName": "S1ASSO_DOM"
        },
        {
          "$type": "SingleQuestion",
          "QuestionType": 0,
          "ShowAsList": true,
          "ShowAsListThreshold": 13,
          "CategoriesId": "c8884608-cc74-260c-b1d5-3f33ce5c5b78",
          "Answers": [],
          "Children": [],
          "ConditionExpression": "",
          "HideIfDisabled": false,
          "Featured": false,
          "Instructions": "Veuillez vérifiez OU sélectionnez votre sous-domaine d'activité.",
          "Properties": {
            "HideInstructions": false,
            "UseFormatting": false,
            "GeometryType": 0,
            "GeometryInputMode": 0,
            "IsCritical": false
          },
          "PublicKey": "a6545cfb-f765-71b8-3a74-54edc4186dd2",
          "QuestionScope": 0,
          "QuestionText": "Votre PRINCIPAL domaine d'activité est \"%S1ASSO_DOM%\".",
          "StataExportCaption": "S1ASSO_SOUSDOM",
          "VariableLabel": "Sous domaine d'activité",
          "CascadeFromQuestionId": "aa850087-cb60-0102-798a-f3d7ba6b3e8f",
          "IsFilteredCombobox": false,
          "IsTimestamp": false,
          "ValidationConditions": [],
          "VariableName": "S1ASSO_SOUSDOM"
        },
        {
          "$type": "StaticText",
          "Children": [],
          "VariableName": "",
          "PublicKey": "07a6f0bb-e518-07f1-a00f-c4b55c1da642",
          "Text": "<b><font color=\"#0066cc\" size=\"3\">\nLOCALISATION 📍 </font></b>",
          "AttachmentName": "",
          "ValidationConditions": [],
          "ConditionExpression": "",
          "HideIfDisabled": false
        },
        {
          "$type": "TextQuestion",
          "QuestionType": 7,
          "Answers": [],
          "Children": [],
          "ConditionExpression": "",
          "HideIfDisabled": false,
          "Featured": false,
          "Instructions": "Vérifiez OU complétez cette information si nécessaire.",
          "Properties": {
            "HideInstructions": false,
            "UseFormatting": false,
            "GeometryType": 0,
            "GeometryInputMode": 0,
            "IsCritical": false
          },
          "PublicKey": "967b405f-01c8-9860-25e2-c86b1c294096",
          "QuestionScope": 0,
          "QuestionText": "Votre adresse est :",
          "StataExportCaption": "S1AD",
          "VariableLabel": "Adresse",
          "IsTimestamp": false,
          "ValidationConditions": [],
          "VariableName": "S1AD"
        },
        {
          "$type": "TextQuestion",
          "QuestionType": 7,
          "Answers": [],
          "Children": [],
          "ConditionExpression": "",
          "HideIfDisabled": false,
          "Featured": false,
          "Instructions": "Vérifiez OU complétez cette information si nécessaire.",
          "Properties": {
            "HideInstructions": false,
            "UseFormatting": false,
            "GeometryType": 0,
            "GeometryInputMode": 0,
            "IsCritical": false
          },
          "PublicKey": "a89617d6-1c73-de73-dbae-7313be24c5b7",
          "QuestionScope": 0,
          "QuestionText": "Votre complément d'adresse est :",
          "StataExportCaption": "S1AD_COMP",
          "VariableLabel": "Complément_adresse",
          "IsTimestamp": false,
          "ValidationConditions": [],
          "VariableName": "S1AD_COMP"
        },
        {
          "$type": "TextQuestion",
          "QuestionType": 7,
          "Mask": "#####",
          "Answers": [],
          "Children": [],
          "ConditionExpression": "",
          "HideIfDisabled": false,
          "Featured": false,
          "Instructions": "Vérifiez OU complétez cette information si nécessaire.",
          "Properties": {
            "HideInstructions": false,
            "UseFormatting": false,
            "GeometryType": 0,
            "GeometryInputMode": 0,
            "IsCritical": false
          },
          "PublicKey": "abf417cd-9470-d1d8-c445-a71e0dda038c",
          "QuestionScope": 0,
          "QuestionText": "Votre code postal est :",
          "StataExportCaption": "S1AD_CP",
          "VariableLabel": "CP",
          "IsTimestamp": false,
          "ValidationConditions": [],
          "VariableName": "S1AD_CP"
        },
        {
          "$type": "SingleQuestion",
          "QuestionType": 0,
          "ShowAsList": false,
          "CategoriesId": "a2d8e227-5d74-1f09-48d5-734c0da417d8",
          "Answers": [],
          "Children": [],
          "ConditionExpression": "",
          "HideIfDisabled": false,
          "Featured": false,
          "Instructions": "Vérifiez OU complétez cette information si nécessaire.",
          "Properties": {
            "HideInstructions": false,
            "UseFormatting": false,
            "GeometryType": 0,
            "GeometryInputMode": 0,
            "IsCritical": false
          },
          "PublicKey": "dd3a7c7a-7e32-7d9f-df94-4344ad8e5b97",
          "QuestionScope": 0,
          "QuestionText": "Votre commune est :",
          "StataExportCaption": "S1AD_COM",
          "VariableLabel": "Commune",
          "IsFilteredCombobox": true,
          "IsTimestamp": false,
          "ValidationConditions": [],
          "VariableName": "S1AD_COM"
        },
        {
          "$type": "StaticText",
          "Children": [],
          "VariableName": "",
          "PublicKey": "90530c7d-3a7e-580d-82c9-40b455100ef4",
          "Text": "<b><font color=\"#0066cc\" size=\"3\">\n CONTACT DU RÉPONDANT 📞 📧 </font></b>",
          "AttachmentName": "",
          "ValidationConditions": [],
          "ConditionExpression": "",
          "HideIfDisabled": false
        },
        {
          "$type": "TextQuestion",
          "QuestionType": 7,
          "Mask": "",
          "Answers": [],
          "Children": [],
          "ConditionExpression": "",
          "HideIfDisabled": false,
          "Featured": false,
          "Instructions": "",
          "Properties": {
            "HideInstructions": false,
            "UseFormatting": false,
            "GeometryType": 0,
            "GeometryInputMode": 0,
            "IsCritical": false
          },
          "PublicKey": "27652731-bf25-73bc-4e06-cdc23efd0ccf",
          "QuestionScope": 0,
          "QuestionText": "Votre NOM :",
          "StataExportCaption": "S1CONT_NOM",
          "VariableLabel": "Nom_repondant",
          "IsTimestamp": false,
          "ValidationConditions": [],
          "VariableName": "S1CONT_NOM"
        },
        {
          "$type": "TextQuestion",
          "QuestionType": 7,
          "Mask": "",
          "Answers": [],
          "Children": [],
          "ConditionExpression": "",
          "HideIfDisabled": false,
          "Featured": false,
          "Instructions": "",
          "Properties": {
            "HideInstructions": false,
            "UseFormatting": false,
            "GeometryType": 0,
            "GeometryInputMode": 0,
            "IsCritical": false
          },
          "PublicKey": "b4ad04ca-4f44-ca02-a812-60ea7a86a92c",
          "QuestionScope": 0,
          "QuestionText": "Votre Prénom :",
          "StataExportCaption": "S1CONT_PRENOM",
          "VariableLabel": "Prenom_repondant",
          "IsTimestamp": false,
          "ValidationConditions": [],
          "VariableName": "S1CONT_PRENOM"
        },
        {
          "$type": "SingleQuestion",
          "QuestionType": 0,
          "ShowAsList": false,
          "Answers": [
            {
              "AnswerText": "Président(e)",
              "AnswerValue": "1"
            },
            {
              "AnswerText": "Vice-président(e)",
              "AnswerValue": "2"
            },
            {
              "AnswerText": "Trésorier(e)",
              "AnswerValue": "3"
            },
            {
              "AnswerText": "Trésorier(e) adjoint(e)",
              "AnswerValue": "4"
            },
            {
              "AnswerText": "Secrétaire",
              "AnswerValue": "5"
            },
            {
              "AnswerText": "Secrétaire adjoint(e)",
              "AnswerValue": "6"
            },
            {
              "AnswerText": "Autre fonction",
              "AnswerValue": "7"
            }
          ],
          "Children": [],
          "ConditionExpression": "",
          "HideIfDisabled": false,
          "Featured": false,
          "Instructions": "Veuillez sélectionnez votre fonction.",
          "Properties": {
            "HideInstructions": false,
            "UseFormatting": false,
            "GeometryType": 0,
            "GeometryInputMode": 0,
            "IsCritical": false
          },
          "PublicKey": "bbc856ec-c633-23a5-9860-9b964217436b",
          "QuestionScope": 0,
          "QuestionText": "Votre fonction au sein de l'association :",
          "StataExportCaption": "S1CONT_FONCTION",
          "VariableLabel": "Fonction_repondant",
          "IsFilteredCombobox": false,
          "IsTimestamp": false,
          "ValidationConditions": [],
          "VariableName": "S1CONT_FONCTION"
        },
        {
          "$type": "TextQuestion",
          "QuestionType": 7,
          "Answers": [],
          "Children": [],
          "ConditionExpression": "S1CONT_FONCTION.InList(7)",
          "HideIfDisabled": false,
          "Featured": false,
          "Instructions": "",
          "Properties": {
            "HideInstructions": false,
            "UseFormatting": false,
            "GeometryType": 0,
            "GeometryInputMode": 0,
            "IsCritical": false
          },
          "PublicKey": "d647a9f6-9363-f301-8b40-9c763b896844",
          "QuestionScope": 0,
          "QuestionText": "Veuillez préciser votre fonction :",
          "StataExportCaption": "S1ASSO_FONCTION_AUTRE",
          "VariableLabel": "Autre_fonction",
          "IsTimestamp": false,
          "ValidationConditions": [],
          "VariableName": "S1ASSO_FONCTION_AUTRE"
        },
        {
          "$type": "TextQuestion",
          "QuestionType": 7,
          "Mask": "",
          "Answers": [],
          "Children": [],
          "ConditionExpression": "",
          "HideIfDisabled": false,
          "Featured": false,
          "Instructions": "ex : enquete.asso2024@isee.nc",
          "Properties": {
            "HideInstructions": false,
            "UseFormatting": false,
            "GeometryType": 0,
            "GeometryInputMode": 0,
            "IsCritical": false
          },
          "PublicKey": "1679101d-5ee0-bf8f-bcae-33a0b62e3b56",
          "QuestionScope": 0,
          "QuestionText": "📧 Votre adresse électronique :",
          "StataExportCaption": "S1CONT_MAIL",
          "VariableLabel": "Mail_repondant",
          "IsTimestamp": false,
          "ValidationConditions": [
            {
              "Expression": "self.Contains(\"@\") && self.Contains(\".\")",
              "Message": "Le format de l'adresse mail renseignée n'est pas valide. Elle doit contenir un \"@\" et un \".\" Merci de corriger l'information.",
              "Severity": 0
            }
          ],
          "VariableName": "S1CONT_MAIL"
        },
        {
          "$type": "TextQuestion",
          "QuestionType": 7,
          "Mask": "##-##-##",
          "Answers": [],
          "Children": [],
          "ConditionExpression": "",
          "HideIfDisabled": false,
          "Featured": false,
          "Instructions": "",
          "Properties": {
            "HideInstructions": false,
            "UseFormatting": false,
            "GeometryType": 0,
            "GeometryInputMode": 0,
            "IsCritical": false
          },
          "PublicKey": "e645ab7f-c037-c5cd-69e0-a97ac2489a94",
          "QuestionScope": 0,
          "QuestionText": "📞 Votre numéro de téléphone :",
          "StataExportCaption": "S1CONT_TEL",
          "VariableLabel": "Telephone_repondant",
          "IsTimestamp": false,
          "ValidationConditions": [],
          "VariableName": "S1CONT_TEL"
        }
      ],
      "ConditionExpression": "",
      "HideIfDisabled": false,
      "IsFlatMode": false,
      "IsPlainMode": false,
      "DisplayMode": 0,
      "Enabled": true,
      "Description": "",
      "VariableName": "S1",
      "IsRoster": false,
      "CustomRosterTitle": false,
      "RosterSizeSource": 0,
      "FixedRosterTitles": [],
      "PublicKey": "76f6fe73-19f5-489c-b6f5-0c0ea009956b",
      "Title": "📂​À PROPOS DE VOUS : %S1ASSO_NOM%"
    },
    {
      "$type": "Group",
      "Children": [
        {
          "$type": "StaticText",
          "Children": [],
          "VariableName": "",
          "PublicKey": "d670810b-6928-1fa6-94b2-3c687eaa1bf9",
          "Text": "<font size=\"4\">\n\nTABLEAU 1 : EFFECTIFS SALARIÉS, ADHÉRENTS, BÉNÉVOLES, BÉNÉFICIAIRES ​👥​️ </font>\n\n\n<br> <br> <br> \n\nComment les effectifs de votre association ont-ils évolué entre mars 2024 et aujourd'hui ❔​📈​📉​",
          "AttachmentName": "",
          "ValidationConditions": [],
          "ConditionExpression": "",
          "HideIfDisabled": false
        },
        {
          "$type": "StaticText",
          "Children": [],
          "VariableName": "",
          "PublicKey": "d61f0948-6b35-3c1d-6ceb-6d287eee2af8",
          "Text": "​💡​ N'hésitez pas à ajuster la largeur des colonnes en cliquant sur les bordures 🔛 \n\n<br><br>\n\n\n<font color=\"#0004F5\">\n\n📌​ Pensez à mettre \"​0️⃣​\" si l'effectif est 0. </font>",
          "AttachmentName": "",
          "ValidationConditions": [],
          "ConditionExpression": "",
          "HideIfDisabled": false
        },
        {
          "$type": "Group",
          "Children": [
            {
              "$type": "NumericQuestion",
              "QuestionType": 4,
              "IsInteger": true,
              "CountOfDecimalPlaces": 1,
              "UseFormatting": true,
              "Answers": [],
              "Children": [],
              "ConditionExpression": "",
              "HideIfDisabled": false,
              "Featured": false,
              "Instructions": "Mettre \"​0️⃣​️️\" si l'effectif est 0.",
              "Properties": {
                "HideInstructions": false,
                "UseFormatting": true,
                "GeometryType": 0,
                "GeometryInputMode": 0,
                "IsCritical": false
              },
              "PublicKey": "cee1e733-67dd-fe96-ed0f-8ae5e7664154",
              "QuestionScope": 0,
              "QuestionText": "Au 31/03/24 (AVANT événements)",
              "StataExportCaption": "Avant",
              "VariableLabel": "Avant événements",
              "IsTimestamp": false,
              "ValidationConditions": [],
              "VariableName": "Avant"
            },
            {
              "$type": "NumericQuestion",
              "QuestionType": 4,
              "IsInteger": true,
              "CountOfDecimalPlaces": 1,
              "UseFormatting": true,
              "Answers": [],
              "Children": [],
              "ConditionExpression": "",
              "HideIfDisabled": false,
              "Featured": false,
              "Instructions": "Mettre \"​0️⃣​\" si l'effectif est 0.",
              "Properties": {
                "HideInstructions": false,
                "UseFormatting": true,
                "GeometryType": 0,
                "GeometryInputMode": 0,
                "IsCritical": false
              },
              "PublicKey": "802d3379-cfad-f7b0-5cea-c5d6e1380fc5",
              "QuestionScope": 0,
              "QuestionText": "Actuellement (APRÈS événements)",
              "StataExportCaption": "Apres",
              "VariableLabel": "Apres evenements",
              "IsTimestamp": false,
              "ValidationConditions": [],
              "VariableName": "Apres"
            },
            {
              "$type": "Variable",
              "Label": "Roster_1_incomplet",
              "PublicKey": "b0a1b7c0-f82e-87c9-53f4-97ac81f7abc5",
              "Type": 2,
              "Name": "Roster_1_incomplet",
              "Expression": "new[]\n{\n\nIsAnswered(Avant) ? 0:1,\nIsAnswered(Apres) ? 0:1,\n\n}.Sum()",
              "DoNotExport": false,
              "Children": [],
              "VariableName": "Roster_1_incomplet"
            }
          ],
          "ConditionExpression": "",
          "HideIfDisabled": false,
          "IsFlatMode": false,
          "IsPlainMode": false,
          "DisplayMode": 2,
          "Enabled": true,
          "Description": "",
          "VariableName": "Roster_AvantApres",
          "IsRoster": true,
          "CustomRosterTitle": true,
          "RosterSizeSource": 1,
          "FixedRosterTitles": [
            {
              "Value": 1.0,
              "Title": "▶︎ ​ Nombre TOTAL de salariés (y.c. dirigeants)"
            },
            {
              "Value": 2.0,
              "Title": "‎ ‎ ‎ ‎ ‎ ▶︎ ​ dont CDI"
            },
            {
              "Value": 3.0,
              "Title": "‎ ‎ ‎ ‎ ‎ ▶︎ ​ dont CDD"
            },
            {
              "Value": 4.0,
              "Title": "‎ ‎ ‎ ‎ ‎ ▶︎ ​ dont CONTRAT AIDÉ (contrats d'apprentissage, de professionnalisation, d'insertion ...)"
            },
            {
              "Value": 5.0,
              "Title": "‎ ‎ ‎ ‎ ‎ ▶︎ ​ dont AUTRES (services civiques ...)"
            },
            {
              "Value": 6.0,
              "Title": "‎ ‎ ‎ ‎ ▷  dont salariés à temps PLEIN"
            },
            {
              "Value": 7.0,
              "Title": "‎ ‎ ‎ ‎ ▷ ​ dont salariés à temps PARTIEL (< 39 h / semaine)"
            }
          ],
          "PublicKey": "b624c546-06e3-aaff-c513-a06114028741",
          "Title": "EFFECTIFS SALARIÉS"
        },
        {
          "$type": "Variable",
          "Label": "Total équivalent au sous total AVANT exactions",
          "PublicKey": "8dd7183c-198b-3227-277c-77c8694577b8",
          "Type": 3,
          "Name": "VAR_Total_Avant",
          "Expression": "Roster_AvantApres[1].Avant == (Roster_AvantApres[2].Avant + Roster_AvantApres[3].Avant + Roster_AvantApres[4].Avant + Roster_AvantApres[5].Avant) ? true : false",
          "DoNotExport": false,
          "Children": [],
          "VariableName": "VAR_Total_Avant"
        },
        {
          "$type": "Variable",
          "Label": "Total équivalent au sous total APRES exactions",
          "PublicKey": "58acaaf8-68c5-d3bb-150c-7ddb2d662f73",
          "Type": 3,
          "Name": "VAR_Total_Apres",
          "Expression": "Roster_AvantApres[1].Apres == (Roster_AvantApres[2].Apres + Roster_AvantApres[3].Apres + Roster_AvantApres[4].Apres + Roster_AvantApres[5].Apres) ? true : false",
          "DoNotExport": false,
          "Children": [],
          "VariableName": "VAR_Total_Apres"
        },
        {
          "$type": "StaticText",
          "Children": [],
          "VariableName": "",
          "PublicKey": "c8e97315-020e-d62e-1bbb-d0764f2a3d23",
          "Text": "<font color=\"#E69C1C\">\n\n​⚠️​ P️our la colonne \"AVANT événements\"  : la somme des de contrats, \n<br> \npar types ou par durée, doit correspondre au nombre TOTAL de salariés. ️​⚠️️​  \n\n</font>",
          "AttachmentName": "",
          "ValidationConditions": [],
          "ConditionExpression": "VAR_Total_Avant == false /* Si le sous total n'est pas égal au total */",
          "HideIfDisabled": false
        },
        {
          "$type": "StaticText",
          "Children": [],
          "VariableName": "",
          "PublicKey": "7252f64c-fbe8-c937-61b4-ceaa9efb3e17",
          "Text": "<font color=\"#E69C1C\">\n\n️​⚠️  ️Pour la colonne \"APRÈS événements\" : la somme des contrats,\n<br>\npar types ou par durée, doit correspondre au nombre TOTAL de salariés. ️​⚠️️​ \n\n</font>",
          "AttachmentName": "",
          "ValidationConditions": [],
          "ConditionExpression": "VAR_Total_Apres == false /* Si le sous total n'est pas égal au total */",
          "HideIfDisabled": false
        },
        {
          "$type": "Variable",
          "Label": "Taux_NonReponse",
          "PublicKey": "9c317402-15cc-f46f-c5b7-f1b4d2720585",
          "Type": 2,
          "Name": "Total_NonReponse",
          "Expression": "/* On a calculé, au sein du roster, le total de non réponse. Maintenant nous allons calculer la somme de ces non réponses */\n\nRoster_AvantApres.Any() ? \nRoster_AvantApres.Sum(r => r.Roster_1_incomplet)\n\n: 0    // Retourner une valeur par défaut si le roster est vide\n          ",
          "DoNotExport": false,
          "Children": [],
          "VariableName": "Total_NonReponse"
        },
        {
          "$type": "SingleQuestion",
          "QuestionType": 0,
          "ShowAsList": false,
          "Answers": [
            {
              "AnswerText": "Oui, je peux obtenir ces informations.",
              "AnswerValue": "1",
              "AttachmentName": ""
            },
            {
              "AnswerText": "Non, je n'ai pas accès à ces informations",
              "AnswerValue": "2"
            }
          ],
          "Children": [],
          "ConditionExpression": "Total_NonReponse > 0.5 /* Si on a tout répondu, ne s'active pas */",
          "HideIfDisabled": false,
          "Featured": false,
          "Instructions": "",
          "Properties": {
            "HideInstructions": false,
            "UseFormatting": false,
            "GeometryType": 0,
            "GeometryInputMode": 0,
            "IsCritical": false
          },
          "PublicKey": "610d07fa-8e53-1fc1-7c22-dd01dd8a56ce",
          "QuestionScope": 0,
          "QuestionText": "Il vous reste %Total_NonReponse% valeurs à fournir dans ce tableau. Pourriez-vous les obtenir ?",
          "StataExportCaption": "Infos_dispos",
          "VariableLabel": "Informations disponibles ?",
          "IsFilteredCombobox": false,
          "IsTimestamp": false,
          "ValidationConditions": [],
          "VariableName": "Infos_dispos"
        },
        {
          "$type": "TextQuestion",
          "QuestionType": 7,
          "Answers": [],
          "Children": [],
          "ConditionExpression": "Infos_dispos == 2 /* N'a pas les infos demandées */",
          "HideIfDisabled": false,
          "Featured": false,
          "Instructions": "",
          "Properties": {
            "HideInstructions": false,
            "UseFormatting": false,
            "GeometryType": 0,
            "GeometryInputMode": 0,
            "IsCritical": false
          },
          "PublicKey": "7843b4a4-852b-ac71-303d-c3ae68006fa3",
          "QuestionScope": 0,
          "QuestionText": "Sauriez-vous qui pourrait nous fournir ces informations ?\n<br>\n(Veuillez remplir, s'il vous plaît, un N° de téléphone 📞​ ET un email 📧​).",
          "StataExportCaption": "Demande_contact",
          "VariableLabel": "Demande_contact",
          "IsTimestamp": false,
          "ValidationConditions": [],
          "VariableName": "Demande_contact"
        },
        {
          "$type": "StaticText",
          "Children": [],
          "VariableName": "",
          "PublicKey": "67a5df45-7b71-ec60-b312-35453b87b517",
          "Text": "<b><font color=\"#F5942C\" size=\"3\">\n\nSi vous avez les informations manquantes à disposition, veuillez les fournir avant de passer à la suite du questionnaire.</font></b>",
          "AttachmentName": "",
          "ValidationConditions": [],
          "ConditionExpression": "Infos_dispos == 1 /* A les infos demandées */",
          "HideIfDisabled": false
        },
        {
          "$type": "StaticText",
          "Children": [],
          "VariableName": "",
          "PublicKey": "4be865f2-dc9e-a4da-4a76-7a5a0d79a1eb",
          "Text": "​💡​ N'hésitez pas à ajuster la largeur des colonnes en cliquant sur les bordures 🔛 \n\n<br><br>\n\n\n<font color=\"#0004F5\">\n\n📌​ Pensez à mettre \"​0️⃣​\" si l'effectif est 0. </font>",
          "AttachmentName": "",
          "ValidationConditions": [],
          "ConditionExpression": "",
          "HideIfDisabled": false
        },
        {
          "$type": "Group",
          "Children": [
            {
              "$type": "NumericQuestion",
              "QuestionType": 4,
              "IsInteger": true,
              "CountOfDecimalPlaces": 1,
              "UseFormatting": true,
              "Answers": [],
              "Children": [],
              "ConditionExpression": "",
              "HideIfDisabled": false,
              "Featured": false,
              "Instructions": "Mettre \"​0️⃣​️️\" si l'effectif est 0.",
              "Properties": {
                "HideInstructions": false,
                "UseFormatting": true,
                "GeometryType": 0,
                "GeometryInputMode": 0,
                "IsCritical": false
              },
              "PublicKey": "11f0bd23-1eec-4300-8c89-b82a9442b017",
              "QuestionScope": 0,
              "QuestionText": "Au 31/03/24 (AVANT événements)",
              "StataExportCaption": "Avant1",
              "VariableLabel": "Avant evenements",
              "IsTimestamp": false,
              "ValidationConditions": [],
              "VariableName": "Avant1"
            },
            {
              "$type": "NumericQuestion",
              "QuestionType": 4,
              "IsInteger": true,
              "CountOfDecimalPlaces": 1,
              "UseFormatting": true,
              "Answers": [],
              "Children": [],
              "ConditionExpression": "",
              "HideIfDisabled": false,
              "Featured": false,
              "Instructions": "Mettre \"​0️⃣​\" si l'effectif est 0.",
              "Properties": {
                "HideInstructions": false,
                "UseFormatting": true,
                "GeometryType": 0,
                "GeometryInputMode": 0,
                "IsCritical": false
              },
              "PublicKey": "560fb65e-7099-4924-b636-9195051fd336",
              "QuestionScope": 0,
              "QuestionText": "Actuellement (APRÈS événements)",
              "StataExportCaption": "Apres1",
              "VariableLabel": "Apres evenements",
              "IsTimestamp": false,
              "ValidationConditions": [],
              "VariableName": "Apres1"
            },
            {
              "$type": "Variable",
              "Label": "Roster_1_incomplet",
              "PublicKey": "33b41ecf-af25-467c-b32f-90f8ab5414d8",
              "Type": 2,
              "Name": "Roster_1_incomplet_1",
              "Expression": "new[]\n{\n\nIsAnswered(Avant1) ? 0:1,\nIsAnswered(Apres1) ? 0:1,\n\n}.Sum()",
              "DoNotExport": false,
              "Children": [],
              "VariableName": "Roster_1_incomplet_1"
            }
          ],
          "ConditionExpression": "",
          "HideIfDisabled": false,
          "IsFlatMode": false,
          "IsPlainMode": false,
          "DisplayMode": 2,
          "Enabled": true,
          "Description": "",
          "VariableName": "Roster_AvantApres1",
          "IsRoster": true,
          "CustomRosterTitle": true,
          "RosterSizeSource": 1,
          "FixedRosterTitles": [
            {
              "Value": 1.0,
              "Title": "▷ Nombre de personnes PHYSIQUES adhérentes"
            },
            {
              "Value": 2.0,
              "Title": "▷ Nombre D'ASSOCIATIONS adhérentes"
            },
            {
              "Value": 3.0,
              "Title": "▷ Nombre d'entreprises PRIVÉES adhérentes"
            },
            {
              "Value": 4.0,
              "Title": "▷ Nombre de COLLECTIVITÉS publiques adhérentes"
            },
            {
              "Value": 5.0,
              "Title": "▷ Nombre d'adhérents de nature \"AUTRES\""
            }
          ],
          "PublicKey": "d3eca2b3-b5ea-e351-437f-86138bd259a0",
          "Title": "EFFECTIFS ADHÉRENTS"
        },
        {
          "$type": "Variable",
          "Label": "Taux_NonReponse_1",
          "PublicKey": "266a9efa-320d-f3f2-7cce-f1b7f0061b03",
          "Type": 2,
          "Name": "Total_NonReponse_1",
          "Expression": "/* On a calculé, au sein du roster, le total de non réponse. Maintenant nous allons calculer la somme de ces non réponses */\n\nRoster_AvantApres1.Any() ? \nRoster_AvantApres1.Sum(r => r.Roster_1_incomplet_1)\n\n: 0    // Retourner une valeur par défaut si le roster est vide\n          ",
          "DoNotExport": false,
          "Children": [],
          "VariableName": "Total_NonReponse_1"
        },
        {
          "$type": "SingleQuestion",
          "QuestionType": 0,
          "ShowAsList": false,
          "Answers": [
            {
              "AnswerText": "Oui, je peux obtenir ces informations.",
              "AnswerValue": "1",
              "AttachmentName": ""
            },
            {
              "AnswerText": "Non, je n'ai pas accès à ces informations",
              "AnswerValue": "2"
            }
          ],
          "Children": [],
          "ConditionExpression": "Total_NonReponse_1 > 0.5 /* Si on a tout répondu, ne s'active pas */",
          "HideIfDisabled": false,
          "Featured": false,
          "Instructions": "",
          "Properties": {
            "HideInstructions": false,
            "UseFormatting": false,
            "GeometryType": 0,
            "GeometryInputMode": 0,
            "IsCritical": false
          },
          "PublicKey": "bc65dc08-9862-4f9e-d57f-a8dc7ece3982",
          "QuestionScope": 0,
          "QuestionText": "Il vous reste %Total_NonReponse_1% valeurs à fournir dans ce tableau. Pourriez-vous les obtenir ?",
          "StataExportCaption": "Infos_dispos_1",
          "VariableLabel": "Informations disponibles ?",
          "IsFilteredCombobox": false,
          "IsTimestamp": false,
          "ValidationConditions": [],
          "VariableName": "Infos_dispos_1"
        },
        {
          "$type": "TextQuestion",
          "QuestionType": 7,
          "Answers": [],
          "Children": [],
          "ConditionExpression": "Infos_dispos_1 == 2 /* N'a pas les infos demandées */",
          "HideIfDisabled": false,
          "Featured": false,
          "Instructions": "",
          "Properties": {
            "HideInstructions": false,
            "UseFormatting": false,
            "GeometryType": 0,
            "GeometryInputMode": 0,
            "IsCritical": false
          },
          "PublicKey": "63bc5842-7411-c7a5-0e19-3e28c61a7638",
          "QuestionScope": 0,
          "QuestionText": "Sauriez-vous qui pourrait nous fournir ces informations ?\n<br>\n(Veuillez remplir, s'il vous plaît, un N° de téléphone 📞​ ET un email 📧​).",
          "StataExportCaption": "Demande_contact_1",
          "VariableLabel": "Demande_contact_1",
          "IsTimestamp": false,
          "ValidationConditions": [],
          "VariableName": "Demande_contact_1"
        },
        {
          "$type": "StaticText",
          "Children": [],
          "VariableName": "",
          "PublicKey": "9c438f59-774a-e51b-d0be-fc5c8c8e4237",
          "Text": "<b><font color=\"#F5942C\" size=\"3\">\n\nSi vous avez les informations manquantes à disposition, veuillez les fournir avant de passer à la suite du questionnaire.</font></b>",
          "AttachmentName": "",
          "ValidationConditions": [],
          "ConditionExpression": "Infos_dispos_1 == 1 /* A les infos demandées */",
          "HideIfDisabled": false
        },
        {
          "$type": "NumericQuestion",
          "QuestionType": 4,
          "IsInteger": true,
          "UseFormatting": true,
          "Answers": [],
          "Children": [],
          "ConditionExpression": "",
          "HideIfDisabled": false,
          "Featured": false,
          "Instructions": "",
          "Properties": {
            "HideInstructions": false,
            "UseFormatting": true,
            "GeometryType": 0,
            "GeometryInputMode": 0,
            "IsCritical": false
          },
          "PublicKey": "e898d04a-0e59-2613-3e79-82296f2731c9",
          "QuestionScope": 0,
          "QuestionText": "<font color=\"#0004F5\"> Au 31/03/24 </font>\n\ncombien de BÉNÉVOLES comptait votre association ?",
          "StataExportCaption": "Nb_benevoles_av",
          "VariableLabel": "Nb_bénévoles_av",
          "IsTimestamp": false,
          "ValidationConditions": [
            {
              "Expression": "self < 3001",
              "Message": "Pour information, lors de l'enquête de 2023, une association a déclaré avoir compté jusqu'à 3 000 bénévoles, ce qui constituait le nombre maximum enregistré. Au 31/03/24, si votre effectif de bénévoles dépassait ce nombre, merci de ne pas tenir compte de ce message.",
              "Severity": 0
            }
          ],
          "VariableName": "Nb_benevoles_av"
        },
        {
          "$type": "NumericQuestion",
          "QuestionType": 4,
          "IsInteger": true,
          "UseFormatting": true,
          "Answers": [],
          "Children": [],
          "ConditionExpression": "",
          "HideIfDisabled": false,
          "Featured": false,
          "Instructions": "",
          "Properties": {
            "HideInstructions": false,
            "UseFormatting": true,
            "GeometryType": 0,
            "GeometryInputMode": 0,
            "IsCritical": false
          },
          "PublicKey": "6fa6bef1-2f71-80dc-2fe3-a8d0aec06fb0",
          "QuestionScope": 0,
          "QuestionText": "<font color=\"#0004F5\"> Actuellement, </font>\n\ncombien de BÉNÉVOLES compte votre association ?",
          "StataExportCaption": "Nb_benevoles_ap",
          "VariableLabel": "Nb_bénévoles_ap",
          "IsTimestamp": false,
          "ValidationConditions": [
            {
              "Expression": "self < 3001",
              "Message": "Pour information, lors de l'enquête de 2023, une association a déclaré avoir compté jusqu'à 3 000 bénévoles, ce qui constituait le nombre maximum enregistré. Aujourd'hui, si votre effectif de bénévoles dépasse ce nombre, merci de ne pas tenir compte de ce message.",
              "Severity": 0
            }
          ],
          "VariableName": "Nb_benevoles_ap"
        },
        {
          "$type": "TextListQuestion",
          "QuestionType": 9,
          "Answers": [],
          "Children": [],
          "ConditionExpression": "",
          "HideIfDisabled": false,
          "Featured": false,
          "Instructions": "(Vous pouvez ajouter chaque nouvel élément sous forme de liste, en tapant sur ENTRÉE)",
          "Properties": {
            "HideInstructions": false,
            "UseFormatting": false,
            "GeometryType": 0,
            "GeometryInputMode": 0,
            "IsCritical": false
          },
          "PublicKey": "940503fc-113b-162c-5954-54183a880f04",
          "QuestionScope": 0,
          "QuestionText": "<font color=\"#0004F5\"> Au 31/03/24 </font>\n\nquels PROFILS avaient les BÉNÉFICIAIRES de votre association ?\n\n<br> <br>  \n\n(femmes, personnes en situation de handicap,  personnes âgées, jeunes, sportifs, salariés, entreprises ...)",
          "StataExportCaption": "Profil_benef_av",
          "VariableLabel": "Profil_bénéficiares_av",
          "IsTimestamp": false,
          "ValidationConditions": [],
          "VariableName": "Profil_benef_av"
        },
        {
          "$type": "TextListQuestion",
          "QuestionType": 9,
          "Answers": [],
          "Children": [],
          "ConditionExpression": "",
          "HideIfDisabled": false,
          "Featured": false,
          "Instructions": "(Vous pouvez ajouter chaque nouvel élément sous forme de liste, en tapant sur ENTRÉE)",
          "Properties": {
            "HideInstructions": false,
            "UseFormatting": false,
            "GeometryType": 0,
            "GeometryInputMode": 0,
            "IsCritical": false
          },
          "PublicKey": "2744e3e7-7a8d-8ba3-4a3e-334d14cab485",
          "QuestionScope": 0,
          "QuestionText": "<font color=\"#0004F5\"> En ce moment, </font>\n\nquels sont les BESOINS URGENTS des BÉNÉFICIAIRES de votre association ?\n\n<br><br>  \n\n(soutien alimentaire, hébergement, vêtements à petits prix, soutien psychologique, accompagnement, montage de dossiers administratifs ...)",
          "StataExportCaption": "Nb_benef_av",
          "VariableLabel": "Nb_bénéficiares_av",
          "IsTimestamp": false,
          "ValidationConditions": [],
          "VariableName": "Nb_benef_av"
        },
        {
          "$type": "NumericQuestion",
          "QuestionType": 4,
          "IsInteger": true,
          "UseFormatting": true,
          "Answers": [],
          "Children": [],
          "ConditionExpression": "",
          "HideIfDisabled": false,
          "Featured": false,
          "Instructions": "",
          "Properties": {
            "HideInstructions": false,
            "UseFormatting": true,
            "GeometryType": 0,
            "GeometryInputMode": 0,
            "IsCritical": false
          },
          "PublicKey": "7d938382-987c-6ffc-6b7e-fbd9aec700e1",
          "QuestionScope": 0,
          "QuestionText": "<font color=\"#0004F5\"> Au 31/03/24 </font>\n\npouvez-vous estimer le NOMBRE de BÉNÉFICIAIRES à qui s'adressaient les services de votre association ?",
          "StataExportCaption": "Nb_beneficiares_av",
          "VariableLabel": "Nb_bénéficiares_av",
          "IsTimestamp": false,
          "ValidationConditions": [
            {
              "Expression": "self < 280000",
              "Message": "Le nombre de bénéficiaires maximum de vos services est fixé au seuil d'habitants en Nouvelle-Calédonie soit moins de 300 000.\nAu 31/03/24, si votre effectif de bénéficiaires dépassait ce nombre, merci de ne pas tenir compte de ce message.",
              "Severity": 0
            }
          ],
          "VariableName": "Nb_beneficiares_av"
        },
        {
          "$type": "NumericQuestion",
          "QuestionType": 4,
          "IsInteger": true,
          "UseFormatting": true,
          "Answers": [],
          "Children": [],
          "ConditionExpression": "",
          "HideIfDisabled": false,
          "Featured": false,
          "Instructions": "",
          "Properties": {
            "HideInstructions": false,
            "UseFormatting": true,
            "GeometryType": 0,
            "GeometryInputMode": 0,
            "IsCritical": false
          },
          "PublicKey": "cee0cd27-f2a9-d13e-25eb-49dbd142f2c2",
          "QuestionScope": 0,
          "QuestionText": "<font color=\"#0004F5\"> Aujourd'hui </font>\n\npouvez-vous estimer le NOMBRE de BÉNÉFICIAIRES à qui s'adressent les services de votre association ?",
          "StataExportCaption": "Nb_beneficiares_ap",
          "VariableLabel": "Nb_bénéficiares_ap",
          "IsTimestamp": false,
          "ValidationConditions": [
            {
              "Expression": "self < 280000",
              "Message": "Le nombre de bénéficiaires maximum de vos services est fixé au seuil d'habitants en Nouvelle-Calédonie soit moins de 300 000. \nAujourd'hui, si votre effectif de bénéficiaires dépasse ce nombre, merci de ne pas tenir compte de ce message.",
              "Severity": 0
            }
          ],
          "VariableName": "Nb_beneficiares_ap"
        },
        {
          "$type": "StaticText",
          "Children": [],
          "VariableName": "",
          "PublicKey": "0b4fe390-3de1-6073-a73d-a9e98bcfee75",
          "Text": "<font size=\"4\">\n\nTABLEAU 2 : RESSOURCES ANNUELLES \n<br>\nPRÉVISIONNELLES ET RÉELLES  ​👛​️ </font>\n\n<br> <br><br>\n\nNous comparons la situation financière de votre association entre mars 2024 et aujourd'hui : avez-vous dû réviser vos budgets❔​📈​📉​",
          "AttachmentName": "",
          "ValidationConditions": [],
          "ConditionExpression": "",
          "HideIfDisabled": false
        },
        {
          "$type": "StaticText",
          "Children": [],
          "VariableName": "",
          "PublicKey": "cc6acbea-8c20-643a-1741-8584ff3da393",
          "Text": "​💡​ N'hésitez pas à ajuster la largeur des colonnes en cliquant sur les bordures 🔛 \n\n<br><br>\n\n\n<font color=\"#0004F5\">\n\n📌​ Pensez à mettre \"​0️⃣​\" si le montant est 0. </font>",
          "AttachmentName": "",
          "ValidationConditions": [],
          "ConditionExpression": "",
          "HideIfDisabled": false
        },
        {
          "$type": "Group",
          "Children": [
            {
              "$type": "NumericQuestion",
              "QuestionType": 4,
              "IsInteger": true,
              "CountOfDecimalPlaces": 1,
              "UseFormatting": true,
              "Answers": [],
              "Children": [],
              "ConditionExpression": "",
              "HideIfDisabled": false,
              "Featured": false,
              "Instructions": "Mettre \"​0️⃣​\" si le montant est de 0.",
              "Properties": {
                "HideInstructions": false,
                "UseFormatting": true,
                "GeometryType": 0,
                "GeometryInputMode": 0,
                "IsCritical": false
              },
              "PublicKey": "7c958a15-f56d-4f44-9cc3-2609666cf2cd",
              "QuestionScope": 0,
              "QuestionText": "Ressources prévisonnelles 2024",
              "StataExportCaption": "Rsrc_PRV",
              "VariableLabel": "Ressources_prévisionnelles",
              "IsTimestamp": false,
              "ValidationConditions": [],
              "VariableName": "Rsrc_PRV"
            },
            {
              "$type": "NumericQuestion",
              "QuestionType": 4,
              "IsInteger": true,
              "UseFormatting": true,
              "Answers": [],
              "Children": [],
              "ConditionExpression": "",
              "HideIfDisabled": false,
              "Featured": false,
              "Instructions": "Mettre \"​0️⃣​\" si le montant est de 0.",
              "Properties": {
                "HideInstructions": false,
                "UseFormatting": true,
                "GeometryType": 0,
                "GeometryInputMode": 0,
                "IsCritical": false
              },
              "PublicKey": "b9110f7a-bcf0-4c5a-98c1-0bf24849d8d1",
              "QuestionScope": 0,
              "QuestionText": "Ressources réellement perçues ou confirmées aujourd’hui",
              "StataExportCaption": "Rsrc_RL",
              "VariableLabel": "Ressources_réelles",
              "IsTimestamp": false,
              "ValidationConditions": [],
              "VariableName": "Rsrc_RL"
            },
            {
              "$type": "Variable",
              "Label": "Roster_2_incomplet",
              "PublicKey": "2ef5c826-8af5-8234-128e-38e4db86fb84",
              "Type": 2,
              "Name": "Roster_2_incomplet",
              "Expression": "new[]\n{\n\nIsAnswered(Rsrc_PRV) ? 0:1,\nIsAnswered(Rsrc_RL) ? 0:1,\n\n}.Sum()",
              "DoNotExport": false,
              "Children": [],
              "VariableName": "Roster_2_incomplet"
            }
          ],
          "ConditionExpression": "",
          "HideIfDisabled": false,
          "IsFlatMode": false,
          "IsPlainMode": false,
          "DisplayMode": 2,
          "Enabled": true,
          "Description": "",
          "VariableName": "Roster_AvantApres_2",
          "IsRoster": true,
          "CustomRosterTitle": true,
          "RosterSizeSource": 1,
          "FixedRosterTitles": [
            {
              "Value": 1.0,
              "Title": "▷​ Montant des subventions publiques COMMUNALES"
            },
            {
              "Value": 2.0,
              "Title": "▷​ Montant des subventions publiques PROVINCIALES"
            },
            {
              "Value": 3.0,
              "Title": "▷​ Montant des subventions publiques de la NC"
            },
            {
              "Value": 4.0,
              "Title": "▷​ Montant des subventions publiques de l'ÉTAT"
            },
            {
              "Value": 5.0,
              "Title": "▷ Montant des subventions publiques des ORGANISMES SOCIAUX (ASS, CAFAT, ...)"
            },
            {
              "Value": 6.0,
              "Title": "▷​ Montant des AUTRES subventions publiques"
            },
            {
              "Value": 7.0,
              "Title": "▶︎​ Montant des COTISATIONS"
            },
            {
              "Value": 8.0,
              "Title": "▶︎​ Montant des DONS"
            },
            {
              "Value": 9.0,
              "Title": "▶︎ Montant des ressources du MÉCÉNAT"
            },
            {
              "Value": 10.0,
              "Title": "​▶︎​ Montant des RECETTES D'ACTIVITÉ"
            },
            {
              "Value": 11.0,
              "Title": "▶︎​ Montant des AUTRES ressources"
            }
          ],
          "PublicKey": "e8d722d2-cea4-f08f-9f7e-07d06a177310",
          "Title": "RESSOURCES ANNUELLES EN F.CFP"
        },
        {
          "$type": "Variable",
          "Label": "Total_NonReponse_Roster2",
          "PublicKey": "d6d16f94-ea03-5a69-7e70-9200c4fd41f8",
          "Type": 2,
          "Name": "Total_NonReponse_Roster2",
          "Expression": "/* On a calculé, au sein du roster 2, le total de non réponse. Maintenant nous allons calculer la somme de ces non réponses */\n\nRoster_AvantApres_2.Any() ? \nRoster_AvantApres_2.Sum(r => r.Roster_2_incomplet)\n\n: 0    // Retourner une valeur par défaut si le roster est vide\n          ",
          "DoNotExport": false,
          "Children": [],
          "VariableName": "Total_NonReponse_Roster2"
        },
        {
          "$type": "SingleQuestion",
          "QuestionType": 0,
          "ShowAsList": false,
          "Answers": [
            {
              "AnswerText": "Oui, je peux obtenir ces informations.",
              "AnswerValue": "1",
              "AttachmentName": ""
            },
            {
              "AnswerText": "Non, je n'ai pas accès à ces informations",
              "AnswerValue": "2"
            }
          ],
          "Children": [],
          "ConditionExpression": "Total_NonReponse_Roster2 > 0.5 /* Si on a tout répondu, ne s'active pas */",
          "HideIfDisabled": false,
          "Featured": false,
          "Instructions": "",
          "Properties": {
            "HideInstructions": false,
            "UseFormatting": false,
            "GeometryType": 0,
            "GeometryInputMode": 0,
            "IsCritical": false
          },
          "PublicKey": "cdd0baf3-fcc0-a21b-46a1-8f76d5005c83",
          "QuestionScope": 0,
          "QuestionText": "Il vous reste %Total_NonReponse_Roster2% valeurs à fournir dans ce tableau. Pourriez-vous les obtenir ?",
          "StataExportCaption": "Infos_dispos_2",
          "VariableLabel": "Informations disponibles ?",
          "IsFilteredCombobox": false,
          "IsTimestamp": false,
          "ValidationConditions": [],
          "VariableName": "Infos_dispos_2"
        },
        {
          "$type": "TextQuestion",
          "QuestionType": 7,
          "Answers": [],
          "Children": [],
          "ConditionExpression": "Infos_dispos_2 == 2 /* N'as pas les infos demandées */",
          "HideIfDisabled": false,
          "Featured": false,
          "Instructions": "",
          "Properties": {
            "HideInstructions": false,
            "UseFormatting": false,
            "GeometryType": 0,
            "GeometryInputMode": 0,
            "IsCritical": false
          },
          "PublicKey": "aa6e36e1-6942-c52c-125d-fb0a457e0da1",
          "QuestionScope": 0,
          "QuestionText": "Sauriez-vous qui pourrait nous fournir ces informations ?\n<br>\n(Veuillez remplir, s'il vous plaît, un N° de téléphone ou un email).",
          "StataExportCaption": "Demande_contact_2",
          "VariableLabel": "Demande_contact_2",
          "IsTimestamp": false,
          "ValidationConditions": [],
          "VariableName": "Demande_contact_2"
        },
        {
          "$type": "StaticText",
          "Children": [],
          "VariableName": "",
          "PublicKey": "f5b3fe81-e0a8-43e1-db47-027933cad173",
          "Text": "<b><font color=\"#F5942C\" size=\"3\">\n\nSi vous avez les informations manquantes à disposition, veuillez les fournir avant de passer à la suite du questionnaire.</font></b>",
          "AttachmentName": "",
          "ValidationConditions": [],
          "ConditionExpression": "Infos_dispos_2 == 1 /* A les infos demandées */",
          "HideIfDisabled": false
        }
      ],
      "ConditionExpression": "",
      "HideIfDisabled": false,
      "IsFlatMode": false,
      "IsPlainMode": false,
      "DisplayMode": 0,
      "Enabled": true,
      "Description": "",
      "VariableName": "S2",
      "IsRoster": false,
      "CustomRosterTitle": false,
      "RosterSizeSource": 0,
      "FixedRosterTitles": [],
      "PublicKey": "e7ef05a6-9811-0af2-8b2c-c27587cedef1",
      "Title": "​​⚖️​ COMPARAISON DE VOTRE SITUATION ENTRE MARS 2024 ET AUJOURD’HUI"
    },
    {
      "$type": "Group",
      "Children": [
        {
          "$type": "SingleQuestion",
          "QuestionType": 0,
          "ShowAsList": false,
          "Answers": [
            {
              "AnswerText": "Pas d'impact",
              "AnswerValue": "1",
              "AttachmentName": ""
            },
            {
              "AnswerText": "Impact faible",
              "AnswerValue": "2"
            },
            {
              "AnswerText": "Impact modéré",
              "AnswerValue": "3"
            },
            {
              "AnswerText": "Impact sévère",
              "AnswerValue": "4"
            },
            {
              "AnswerText": "Impact critique",
              "AnswerValue": "5"
            }
          ],
          "Children": [],
          "ConditionExpression": "",
          "HideIfDisabled": false,
          "Featured": false,
          "Instructions": "",
          "Properties": {
            "HideInstructions": false,
            "UseFormatting": false,
            "IsCritical": false
          },
          "PublicKey": "7db89af2-b537-13aa-1121-508b2f6eb42e",
          "QuestionScope": 0,
          "QuestionText": "À quel point les exactions de mai 2024 ont-elles affecté votre association ?",
          "StataExportCaption": "S3Q1_ASSOLIK",
          "VariableLabel": "Asso_Impact_Lik",
          "IsFilteredCombobox": false,
          "IsTimestamp": false,
          "ValidationConditions": [],
          "VariableName": "S3Q1_ASSOLIK"
        },
        {
          "$type": "SingleQuestion",
          "QuestionType": 0,
          "ShowAsList": false,
          "Answers": [
            {
              "AnswerText": "Oui",
              "AnswerValue": "1",
              "AttachmentName": ""
            },
            {
              "AnswerText": "Non",
              "AnswerValue": "2"
            }
          ],
          "Children": [],
          "ConditionExpression": "S3Q1_ASSOLIK != 1 /*la question ne s'active pas si le répondant coche \"pas d'impact\"*/",
          "HideIfDisabled": false,
          "Featured": false,
          "Instructions": "",
          "Properties": {
            "HideInstructions": false,
            "UseFormatting": false,
            "GeometryType": 0,
            "GeometryInputMode": 0,
            "IsCritical": false
          },
          "PublicKey": "5d2da9d3-2be8-b138-d23a-596f27521a0a",
          "QuestionScope": 0,
          "QuestionText": "Depuis les exactions, votre association a-t-elle dû interrompre et/ou réduire ses activités ?",
          "StataExportCaption": "S3Q2_ASSOARRET1",
          "VariableLabel": "Cessation_activite",
          "IsFilteredCombobox": false,
          "IsTimestamp": false,
          "ValidationConditions": [],
          "VariableName": "S3Q2_ASSOARRET1"
        },
        {
          "$type": "MultyOptionsQuestion",
          "QuestionType": 3,
          "AreAnswersOrdered": false,
          "YesNoView": false,
          "Answers": [
            {
              "AnswerText": "Interruption d’activité (arrêt temporaire ou définitif) ❌​",
              "AnswerValue": "1",
              "AttachmentName": ""
            },
            {
              "AnswerText": "Réduction d’activité 📉​",
              "AnswerValue": "2"
            }
          ],
          "Children": [],
          "ConditionExpression": "S3Q1_ASSOLIK != 1 && S3Q2_ASSOARRET1 != 2 /*la question ne s'active pas si le répondant coche \"pas d'impact\" ET la question ne s'active pas si le répondant coche \"Non\" juste avant */",
          "HideIfDisabled": false,
          "Featured": false,
          "Instructions": "Plusieurs choix possibles",
          "Properties": {
            "HideInstructions": false,
            "UseFormatting": false,
            "GeometryType": 0,
            "GeometryInputMode": 0,
            "IsCritical": false
          },
          "PublicKey": "dbc114df-3cd4-08cf-a154-a40d3e28fbf0",
          "QuestionScope": 0,
          "QuestionText": "Quelle(s) étai(en)t votre (vos) situation(s) ?",
          "StataExportCaption": "S3Q2_ASSOARRET2",
          "VariableLabel": "Cessation_activite",
          "IsFilteredCombobox": false,
          "IsTimestamp": false,
          "ValidationConditions": [
            {
              "Expression": "self.ContainsAny(3) ? self.ContainsOnly(3) : true",
              "Message": "La réponse \"Ni interruption, ni réduction d’activité\" doit être choisie seule.",
              "Severity": 0
            }
          ],
          "VariableName": "S3Q2_ASSOARRET2"
        },
        {
          "$type": "Group",
          "Children": [
            {
              "$type": "NumericQuestion",
              "QuestionType": 4,
              "IsInteger": true,
              "UseFormatting": false,
              "Answers": [],
              "Children": [],
              "ConditionExpression": "",
              "HideIfDisabled": false,
              "Featured": false,
              "Instructions": "<font color=\"#000000\" size=\"2.3\"> Pour information, au 15 novembre 2024 (date de clôture de l'enquête) il se sera écoulé 6 mois, </font> \n\n<font color=\"#E69C1C\" size=\"2.3\"> soit 26 semaines, depuis le 13 mai 2024. </font>",
              "Properties": {
                "HideInstructions": false,
                "UseFormatting": false,
                "GeometryType": 0,
                "GeometryInputMode": 0,
                "IsCritical": false
              },
              "PublicKey": "1a812545-502e-6a4b-cb57-50d4759118ea",
              "QuestionScope": 0,
              "QuestionText": "Pouvez-vous préciser cette durée <font color=\"#0004F5\" size=\"2.5\"> en NOMBRE DE SEMAINES ? </font>",
              "StataExportCaption": "S3Q2_ASSOARRET3",
              "VariableLabel": "Duree_interruption",
              "IsTimestamp": false,
              "ValidationConditions": [
                {
                  "Expression": "S3Q2_ASSOARRET3 < 27",
                  "Message": "<font color=\"#E69C1C\" size=\"2.3\">\n\nEntre le  13 mai 2024 et la date de clôture de l'enquête (15 novembre 2024) il s'écoule au maximum 26 semaines. </font>",
                  "Severity": 0
                }
              ],
              "VariableName": "S3Q2_ASSOARRET3"
            }
          ],
          "ConditionExpression": "",
          "HideIfDisabled": false,
          "IsFlatMode": true,
          "IsPlainMode": true,
          "DisplayMode": 1,
          "Enabled": true,
          "Description": "",
          "VariableName": "S3_RosterDuree",
          "IsRoster": true,
          "CustomRosterTitle": true,
          "RosterSizeQuestionId": "dbc114df-3cd4-08cf-a154-a40d3e28fbf0",
          "RosterSizeSource": 0,
          "FixedRosterTitles": [],
          "PublicKey": "049d08d8-550f-3760-ee8a-d1d847517e0d",
          "Title": "DURÉE - %rostertitle%"
        },
        {
          "$type": "MultyOptionsQuestion",
          "QuestionType": 3,
          "AreAnswersOrdered": false,
          "MaxAllowedAnswers": 7,
          "YesNoView": false,
          "Answers": [
            {
              "AnswerText": "Humains (perte de bénévoles, licenciement de salariés, départ des salariés sans licenciements...)",
              "AnswerValue": "1",
              "AttachmentName": ""
            },
            {
              "AnswerText": "Financiers (baisse de financement, perte de subventions...)",
              "AnswerValue": "2"
            },
            {
              "AnswerText": "Logistiques (destructions de locaux, d’équipements, pillages...)",
              "AnswerValue": "3"
            },
            {
              "AnswerText": "Partenariats affaiblis ou annulés",
              "AnswerValue": "4"
            },
            {
              "AnswerText": "Baisse de la demande de services (annulation d'événements, suspension ou report de projets, ...)",
              "AnswerValue": "5"
            },
            {
              "AnswerText": "Hausse de la demande de services (distributions alimentaires, soutien psychologique, hébergement d'urgence, ...)",
              "AnswerValue": "6"
            },
            {
              "AnswerText": "Autres (précisez)",
              "AnswerValue": "7"
            }
          ],
          "Children": [],
          "ConditionExpression": "S3Q1_ASSOLIK != 1 /*la question ne s'active pas si le répondant coche \"pas d'impact\"*/",
          "HideIfDisabled": false,
          "Featured": false,
          "Instructions": "",
          "Properties": {
            "HideInstructions": false,
            "UseFormatting": false,
            "GeometryType": 0,
            "GeometryInputMode": 0,
            "IsCritical": false
          },
          "PublicKey": "83485f5b-811a-c970-c01a-b408e5e52af7",
          "QuestionScope": 0,
          "QuestionText": "Quels ont été les principaux impacts des exactions de mai 2024 sur votre association ?",
          "StataExportCaption": "S3Q3_IMPACT",
          "VariableLabel": "Impact_exactions",
          "IsFilteredCombobox": false,
          "IsTimestamp": false,
          "ValidationConditions": [],
          "VariableName": "S3Q3_IMPACT"
        },
        {
          "$type": "Group",
          "Children": [
            {
              "$type": "TextListQuestion",
              "QuestionType": 9,
              "Answers": [],
              "Children": [],
              "ConditionExpression": "",
              "HideIfDisabled": false,
              "Featured": false,
              "Instructions": "(Ajoutez chaque nouvel élément sous forme de liste, en tapant sur ENTRÉE)",
              "Properties": {
                "HideInstructions": false,
                "UseFormatting": false,
                "GeometryType": 0,
                "GeometryInputMode": 0,
                "IsCritical": false
              },
              "PublicKey": "c2f8a595-e087-88ea-3acf-7456818872e2",
              "QuestionScope": 0,
              "QuestionText": "Merci de détailler la nature des impacts sur votre activité dans cette catégorie.",
              "StataExportCaption": "S3_Roster_Q1",
              "VariableLabel": "Sous impacts",
              "IsTimestamp": false,
              "ValidationConditions": [],
              "VariableName": "S3_Roster_Q1"
            }
          ],
          "ConditionExpression": "",
          "HideIfDisabled": false,
          "IsFlatMode": true,
          "IsPlainMode": true,
          "DisplayMode": 1,
          "Enabled": true,
          "Description": "",
          "VariableName": "S3_RosterImpacts",
          "IsRoster": true,
          "CustomRosterTitle": true,
          "RosterSizeQuestionId": "83485f5b-811a-c970-c01a-b408e5e52af7",
          "RosterSizeSource": 0,
          "FixedRosterTitles": [],
          "PublicKey": "504d1bd4-eaff-d565-00f7-6512aecee70f",
          "Title": "Impacts : %rostertitle%"
        }
      ],
      "ConditionExpression": "",
      "HideIfDisabled": false,
      "IsFlatMode": false,
      "IsPlainMode": false,
      "DisplayMode": 0,
      "Enabled": true,
      "Description": "",
      "VariableName": "S3",
      "IsRoster": false,
      "CustomRosterTitle": false,
      "RosterSizeSource": 0,
      "FixedRosterTitles": [],
      "PublicKey": "35956125-922d-1349-0e2a-7ec4898cd3b9",
      "Title": "💥​IMPACT DIRECT DES EXACTIONS DE MAI 2024"
    },
    {
      "$type": "Group",
      "Children": [
        {
          "$type": "MultyOptionsQuestion",
          "QuestionType": 3,
          "AreAnswersOrdered": false,
          "MaxAllowedAnswers": 7,
          "YesNoView": false,
          "Answers": [
            {
              "AnswerText": "Manque de ressources humaines (bénévoles, salariés, adhérents...)",
              "AnswerValue": "1",
              "AttachmentName": ""
            },
            {
              "AnswerText": "Difficultés financières (manque de trésorerie, difficultés d'accès à un crédit...)",
              "AnswerValue": "2"
            },
            {
              "AnswerText": "Difficultés d'accès à des financements privés",
              "AnswerValue": "3"
            },
            {
              "AnswerText": "Difficultés d'accès aux subventions publiques",
              "AnswerValue": "4"
            },
            {
              "AnswerText": "Problèmes de sécurité (locaux, personnel...)",
              "AnswerValue": "5"
            },
            {
              "AnswerText": "Problèmes logistiques (accès aux locaux, matériels, véhicules, problèmes d'approvisionnement...)",
              "AnswerValue": "6"
            },
            {
              "AnswerText": "Autres freins (précisez)",
              "AnswerValue": "7"
            }
          ],
          "Children": [],
          "ConditionExpression": "",
          "HideIfDisabled": false,
          "Featured": false,
          "Instructions": "",
          "Properties": {
            "HideInstructions": false,
            "UseFormatting": false,
            "OptionsFilterExpression": "",
            "GeometryType": 0,
            "GeometryInputMode": 0,
            "IsCritical": false
          },
          "PublicKey": "8a260066-a5c6-6cbc-2f1a-169475f92643",
          "QuestionScope": 0,
          "QuestionText": "Actuellement, quel(s) frein(s) rencontrez-vous pour poursuivre vos activités ?",
          "StataExportCaption": "S4Q1_FREINS",
          "VariableLabel": "Freins_activité",
          "IsFilteredCombobox": false,
          "IsTimestamp": false,
          "ValidationConditions": [],
          "VariableName": "S4Q1_FREINS"
        },
        {
          "$type": "TextQuestion",
          "QuestionType": 7,
          "Answers": [],
          "Children": [],
          "ConditionExpression": "S4Q1_FREINS.ContainsAny(7) /* Doit préciser autre */",
          "HideIfDisabled": false,
          "Featured": false,
          "Instructions": "",
          "Properties": {
            "HideInstructions": false,
            "UseFormatting": false,
            "GeometryType": 0,
            "GeometryInputMode": 0,
            "IsCritical": false
          },
          "PublicKey": "c7b8f592-cf5b-0cbf-4fd1-74a32323efd6",
          "QuestionScope": 0,
          "QuestionText": "Veuillez préciser les autres freins rencontrés :",
          "StataExportCaption": "S4Q2_PrecisionFreins",
          "VariableLabel": "precision sur les freins",
          "IsTimestamp": false,
          "ValidationConditions": [],
          "VariableName": "S4Q2_PrecisionFreins"
        },
        {
          "$type": "TextQuestion",
          "QuestionType": 7,
          "Answers": [],
          "Children": [],
          "ConditionExpression": "",
          "HideIfDisabled": false,
          "Featured": false,
          "Instructions": "Vous disposez de 500 caractères maximum pour vous exprimer 💬​",
          "Properties": {
            "HideInstructions": false,
            "UseFormatting": false,
            "GeometryType": 0,
            "GeometryInputMode": 0,
            "IsCritical": false
          },
          "PublicKey": "580efce4-528f-85da-dd4b-ed4ebcdf3cc4",
          "QuestionScope": 0,
          "QuestionText": "À moyen terme, quelles sont les principales difficultés auxquelles votre association devra faire face ?",
          "StataExportCaption": "S4Q3_DIFFIC",
          "VariableLabel": "Principales_difficultes",
          "IsTimestamp": false,
          "ValidationConditions": [
            {
              "Expression": "self.Length < 680",
              "Message": "Merci de respecter la limite de 500 caractères. ",
              "Severity": 0
            }
          ],
          "VariableName": "S4Q3_DIFFIC"
        }
      ],
      "ConditionExpression": "S3Q1_ASSOLIK != 1 /*la question ne s'active pas si le répondant coche \"pas d'impact\"*/",
      "HideIfDisabled": false,
      "IsFlatMode": false,
      "IsPlainMode": false,
      "DisplayMode": 0,
      "Enabled": true,
      "Description": "",
      "VariableName": "S4",
      "IsRoster": false,
      "CustomRosterTitle": false,
      "RosterSizeSource": 0,
      "FixedRosterTitles": [],
      "PublicKey": "40f1cbdb-738e-5a47-1528-918aa07f196e",
      "Title": "🛑​ FREINS RENCONTRÉS"
    },
    {
      "$type": "Group",
      "Children": [
        {
          "$type": "MultyOptionsQuestion",
          "QuestionType": 3,
          "AreAnswersOrdered": true,
          "MaxAllowedAnswers": 11,
          "YesNoView": false,
          "Answers": [
            {
              "AnswerText": "Recherche et diversification des sources de financement (appel aux dons, cagnotte en ligne...)",
              "AnswerValue": "1"
            },
            {
              "AnswerText": "Lobbying auprès des décideurs",
              "AnswerValue": "2"
            },
            {
              "AnswerText": "Renforcement des partenariats (nouvelles collaborations, fédération d'associations, réseau de solidarité, initiatives citoyennes, ...)",
              "AnswerValue": "3"
            },
            {
              "AnswerText": "Amélioration de la gouvernance (réorganisation interne, ...)",
              "AnswerValue": "4"
            },
            {
              "AnswerText": "Adaptation de la gamme des services proposés (activités, horaires, ...)",
              "AnswerValue": "5"
            },
            {
              "AnswerText": "Optimisation des coûts et des ressources (réduction des dépenses, ...)",
              "AnswerValue": "6"
            },
            {
              "AnswerText": "Mobilisation et fidélisation des bénévoles",
              "AnswerValue": "7"
            },
            {
              "AnswerText": "Élargissement de l'activité pour toucher de nouveaux bénéficiaires",
              "AnswerValue": "8"
            },
            {
              "AnswerText": "Formation et montée en compétence des équipes",
              "AnswerValue": "9"
            },
            {
              "AnswerText": "Communication / Renforcement de la présence sur les réseaux sociaux",
              "AnswerValue": "10"
            },
            {
              "AnswerText": "Autres leviers (précisez)",
              "AnswerValue": "11"
            }
          ],
          "Children": [],
          "ConditionExpression": "",
          "HideIfDisabled": false,
          "Featured": false,
          "Instructions": "Veuillez HIÉRARCHISER vos réponses, du plus au moins efficace \n\n<br>\n\n(1️⃣​ étant le PLUS efficace et 🔟​ le MOINS efficace)",
          "Properties": {
            "HideInstructions": false,
            "UseFormatting": false,
            "GeometryType": 0,
            "GeometryInputMode": 0,
            "IsCritical": false
          },
          "PublicKey": "a3911660-44b2-d656-8d7e-4228592acdbb",
          "QuestionScope": 0,
          "QuestionText": "Depuis les exactions de 2024, quels leviers avez-vous mobilisé pour faire face à la situation ?",
          "StataExportCaption": "S5Q1_LEVIERS",
          "VariableLabel": "Leviers_mobilises",
          "IsFilteredCombobox": false,
          "IsTimestamp": false,
          "ValidationConditions": [],
          "VariableName": "S5Q1_LEVIERS"
        },
        {
          "$type": "Group",
          "Children": [
            {
              "$type": "TextListQuestion",
              "QuestionType": 9,
              "Answers": [],
              "Children": [],
              "ConditionExpression": "",
              "HideIfDisabled": false,
              "Featured": false,
              "Instructions": "(Vous pouvez ajouter chaque nouvel élément sous forme de liste, en tapant sur ENTRÉE)",
              "Properties": {
                "HideInstructions": false,
                "UseFormatting": false,
                "GeometryType": 0,
                "GeometryInputMode": 0,
                "IsCritical": false
              },
              "PublicKey": "cfc2cc49-ca16-386f-473a-a219fccf95d2",
              "QuestionScope": 0,
              "QuestionText": "Merci de détailler la nature des leviers utilisés dans cette catégorie.",
              "StataExportCaption": "precision_1",
              "VariableLabel": "précision 1",
              "IsTimestamp": false,
              "ValidationConditions": [],
              "VariableName": "precision_1"
            }
          ],
          "ConditionExpression": "",
          "HideIfDisabled": false,
          "IsFlatMode": true,
          "IsPlainMode": true,
          "DisplayMode": 1,
          "Enabled": true,
          "Description": "",
          "VariableName": "Roster_leviers",
          "IsRoster": true,
          "CustomRosterTitle": true,
          "RosterSizeQuestionId": "a3911660-44b2-d656-8d7e-4228592acdbb",
          "RosterSizeSource": 0,
          "FixedRosterTitles": [],
          "PublicKey": "dd36f8f4-1609-4688-40ed-d4e02273a47f",
          "Title": "Précision du levier - \"%rostertitle%\""
        },
        {
          "$type": "MultyOptionsQuestion",
          "QuestionType": 3,
          "AreAnswersOrdered": false,
          "YesNoView": false,
          "Answers": [
            {
              "AnswerText": "Aucun",
              "AnswerValue": "1",
              "AttachmentName": ""
            },
            {
              "AnswerText": "Subventions",
              "AnswerValue": "2"
            },
            {
              "AnswerText": "Financements",
              "AnswerValue": "3"
            },
            {
              "AnswerText": "Chômage partiel",
              "AnswerValue": "4"
            },
            {
              "AnswerText": "Indemnité d'assurance",
              "AnswerValue": "5"
            },
            {
              "AnswerText": "Autres (précisez)",
              "AnswerValue": "6"
            }
          ],
          "Children": [],
          "ConditionExpression": "",
          "HideIfDisabled": false,
          "Featured": false,
          "Instructions": "",
          "Properties": {
            "HideInstructions": false,
            "UseFormatting": false,
            "OptionsFilterExpression": "",
            "GeometryType": 0,
            "GeometryInputMode": 0,
            "IsCritical": false
          },
          "PublicKey": "d4bc6715-eba1-0492-753f-8b354b450190",
          "QuestionScope": 0,
          "QuestionText": "Avez-vous pu obtenir des soutiens financiers COMPLÉMENTAIRES pour aider votre association à surmonter cette période ?",
          "StataExportCaption": "S5Q2_SOUTFINCOMPL",
          "VariableLabel": "Soutien_financier_complementaire",
          "LinkedFilterExpression": "",
          "IsFilteredCombobox": false,
          "IsTimestamp": false,
          "ValidationConditions": [
            {
              "Expression": "self.ContainsAny(1) ? self.ContainsOnly(1) : true",
              "Message": "La réponse \"Aucun\" doit être choisie seule.",
              "Severity": 0
            }
          ],
          "VariableName": "S5Q2_SOUTFINCOMPL"
        },
        {
          "$type": "TextQuestion",
          "QuestionType": 7,
          "Answers": [],
          "Children": [],
          "ConditionExpression": "S5Q2_SOUTFINCOMPL.ContainsAny(1) /* N'a pas reçu de financements */",
          "HideIfDisabled": false,
          "Featured": false,
          "Instructions": "Vous disposez de 500 caractères maximum pour vous exprimer 💬​",
          "Properties": {
            "HideInstructions": false,
            "UseFormatting": false,
            "GeometryType": 0,
            "GeometryInputMode": 0,
            "IsCritical": false
          },
          "PublicKey": "b04ddc80-c184-3940-a592-d3d0b206d817",
          "QuestionScope": 0,
          "QuestionText": "Si \"Aucun\", pourriez-vous en expliquer la (les) raison(s) ?",
          "StataExportCaption": "S5Q2_AUCUNRAISONS",
          "VariableLabel": "Raisons_aucun_soutien_financier",
          "IsTimestamp": false,
          "ValidationConditions": [
            {
              "Expression": "S5Q2_AUCUNRAISONS.Length < 680",
              "Message": "Merci de respecter la limite de 500 caractères. ",
              "Severity": 0
            }
          ],
          "VariableName": "S5Q2_AUCUNRAISONS"
        },
        {
          "$type": "TextQuestion",
          "QuestionType": 7,
          "Answers": [],
          "Children": [],
          "ConditionExpression": " S5Q2_SOUTFINCOMPL.ContainsAny(6) /* À choisi Autres */",
          "HideIfDisabled": false,
          "Featured": false,
          "Instructions": "",
          "Properties": {
            "HideInstructions": false,
            "UseFormatting": false,
            "GeometryType": 0,
            "GeometryInputMode": 0,
            "IsCritical": false
          },
          "PublicKey": "e4f0d4ff-4bf1-db0a-b76f-b2096934b483",
          "QuestionScope": 0,
          "QuestionText": "Précisez les autres soutiens financiers dont vous avez bénéficié :",
          "StataExportCaption": "S5Q2bis_PrecisionSoutien",
          "VariableLabel": "S5Q2bis_PrecisionSoutien",
          "IsTimestamp": false,
          "ValidationConditions": [],
          "VariableName": "S5Q2bis_PrecisionSoutien"
        }
      ],
      "ConditionExpression": "S3Q1_ASSOLIK != 1 /*la question ne s'active pas si le répondant coche \"pas d'impact\"*/",
      "HideIfDisabled": false,
      "IsFlatMode": false,
      "IsPlainMode": false,
      "DisplayMode": 0,
      "Enabled": true,
      "Description": "",
      "VariableName": "S5TITRESTRAT",
      "IsRoster": false,
      "CustomRosterTitle": false,
      "RosterSizeSource": 0,
      "FixedRosterTitles": [],
      "PublicKey": "c1850edc-3278-377d-d965-bf580ff74a5a",
      "Title": "​💡​ LEVIERS ET STRATEGIE D’ADAPTATION"
    },
    {
      "$type": "Group",
      "Children": [
        {
          "$type": "SingleQuestion",
          "QuestionType": 0,
          "ShowAsList": false,
          "Answers": [
            {
              "AnswerText": "Très optimiste",
              "AnswerValue": "1",
              "AttachmentName": ""
            },
            {
              "AnswerText": "Plutôt optimiste",
              "AnswerValue": "2"
            },
            {
              "AnswerText": "Incertain.e",
              "AnswerValue": "3"
            },
            {
              "AnswerText": "Plutôt pessimiste",
              "AnswerValue": "4"
            },
            {
              "AnswerText": "Très pessimiste",
              "AnswerValue": "5"
            }
          ],
          "Children": [],
          "ConditionExpression": "",
          "HideIfDisabled": false,
          "Featured": false,
          "Instructions": "",
          "Properties": {
            "HideInstructions": false,
            "UseFormatting": false,
            "OptionsFilterExpression": "",
            "GeometryType": 0,
            "GeometryInputMode": 0,
            "IsCritical": false
          },
          "PublicKey": "71b0b784-64cb-3c7e-2cae-a5c2f55aa63f",
          "QuestionScope": 0,
          "QuestionText": "Comment envisagez-vous la capacité de votre association à surmonter cette crise à moyen terme ?\n<br> <br>",
          "StataExportCaption": "S6Q1_RESSENTILIK",
          "VariableLabel": "Ressenti_Likert_post-crise",
          "LinkedFilterExpression": "",
          "IsFilteredCombobox": false,
          "IsTimestamp": false,
          "ValidationConditions": [],
          "VariableName": "S6Q1_RESSENTILIK"
        },
        {
          "$type": "SingleQuestion",
          "QuestionType": 0,
          "ShowAsList": false,
          "Answers": [
            {
              "AnswerText": "entre 0 et 3 mois",
              "AnswerValue": "1",
              "AttachmentName": ""
            },
            {
              "AnswerText": "entre 3 et 6 mois",
              "AnswerValue": "2"
            },
            {
              "AnswerText": "entre 6 et 12 mois",
              "AnswerValue": "3"
            },
            {
              "AnswerText": "Plus de 12 mois",
              "AnswerValue": "4"
            },
            {
              "AnswerText": "Risque élevé de dissolution de l'association",
              "AnswerValue": "6"
            }
          ],
          "Children": [],
          "ConditionExpression": "",
          "HideIfDisabled": false,
          "Featured": false,
          "Instructions": "",
          "Properties": {
            "HideInstructions": false,
            "UseFormatting": false,
            "GeometryType": 0,
            "GeometryInputMode": 0,
            "IsCritical": false
          },
          "PublicKey": "11f03cfa-6c26-3e22-e8ce-ca1f956ba6a6",
          "QuestionScope": 0,
          "QuestionText": "À quel délai estimez-vous être en mesure de retrouver un niveau d'activité comparable au vôtre avant les émeutes ?",
          "StataExportCaption": "S6Q2_RETOURAVCRISE",
          "VariableLabel": "Retour_niveau_avant-crise",
          "IsFilteredCombobox": false,
          "IsTimestamp": false,
          "ValidationConditions": [],
          "VariableName": "S6Q2_RETOURAVCRISE"
        },
        {
          "$type": "TextListQuestion",
          "QuestionType": 9,
          "Answers": [],
          "Children": [],
          "ConditionExpression": "",
          "HideIfDisabled": false,
          "Featured": false,
          "Instructions": "(Vous pouvez ajouter chaque nouvel élément sous forme de liste, en tapant sur ENTRÉE)",
          "Properties": {
            "HideInstructions": false,
            "UseFormatting": false,
            "GeometryType": 0,
            "GeometryInputMode": 0,
            "IsCritical": false
          },
          "PublicKey": "c34a7381-5ff4-ec0e-f539-ed1fb7501d4b",
          "QuestionScope": 0,
          "QuestionText": "Veuillez détailler vos besoins les plus URGENTS pour sortir votre association de cette situation ?",
          "StataExportCaption": "S6Q3_BESOINSPRIO",
          "VariableLabel": "Besoins_prioritaires",
          "IsTimestamp": false,
          "ValidationConditions": [],
          "VariableName": "S6Q3_BESOINSPRIO"
        },
        {
          "$type": "TextQuestion",
          "QuestionType": 7,
          "Answers": [],
          "Children": [],
          "ConditionExpression": "",
          "HideIfDisabled": false,
          "Featured": false,
          "Instructions": "Vous disposez de 500 caractères maximum pour vous exprimer 💬​",
          "Properties": {
            "HideInstructions": false,
            "UseFormatting": false,
            "GeometryType": 0,
            "GeometryInputMode": 0,
            "IsCritical": false
          },
          "PublicKey": "9a0fa2c3-b951-3b43-a090-7d058389c65a",
          "QuestionScope": 0,
          "QuestionText": "<font color=\"#E69C1C\">\n\nQuelles seraient les CONSÉQUENCES si votre association ne parvenait pas à surmonter cette crise ?\n\n</font>",
          "StataExportCaption": "S6Q5_CSQFINASSO",
          "VariableLabel": "Consequences_fin_asso",
          "IsTimestamp": false,
          "ValidationConditions": [
            {
              "Expression": "self.Length < 680",
              "Message": "Merci de respecter la limite de 500 caractères. ",
              "Severity": 1
            }
          ],
          "VariableName": "S6Q5_CSQFINASSO"
        },
        {
          "$type": "TextQuestion",
          "QuestionType": 7,
          "Answers": [],
          "Children": [],
          "ConditionExpression": "",
          "HideIfDisabled": false,
          "Featured": false,
          "Instructions": "Vous disposez de 500 caractères maximum pour vous exprimer 💬​",
          "Properties": {
            "HideInstructions": false,
            "UseFormatting": false,
            "GeometryType": 0,
            "GeometryInputMode": 0,
            "IsCritical": false
          },
          "PublicKey": "367f5438-0f4d-ccc4-9c12-63d324a748f2",
          "QuestionScope": 0,
          "QuestionText": "<font color=\"#E69C1C\">\n\nSouhaitez-vous partager des EXPÉRIENCES SUPPLÉMENTAIRES sur les effets des événements de mai 2024 sur votre association ? \n\n</font>",
          "StataExportCaption": "S6Q4_EXPSUPPL",
          "VariableLabel": "Experiences_supplementaires",
          "IsTimestamp": false,
          "ValidationConditions": [
            {
              "Expression": "self.Length < 680",
              "Message": "Merci de respecter la limite de 500 caractères. ",
              "Severity": 1
            }
          ],
          "VariableName": "S6Q4_EXPSUPPL"
        }
      ],
      "ConditionExpression": "",
      "HideIfDisabled": false,
      "IsFlatMode": false,
      "IsPlainMode": false,
      "DisplayMode": 0,
      "Enabled": true,
      "Description": "",
      "VariableName": "S6",
      "IsRoster": false,
      "CustomRosterTitle": false,
      "RosterSizeSource": 0,
      "FixedRosterTitles": [],
      "PublicKey": "0debfd14-7cee-c246-cda6-fa563af3db35",
      "Title": "🔭 PERSPECTIVES"
    }
  ],
  "Macros": {},
  "CriticalRules": [],
  "LookupTables": {},
  "Attachments": [
    {
      "AttachmentId": "c7d24d37-1754-4895-44f2-5dc767cb8395",
      "Name": "challenge_01",
      "ContentId": "B4A4A097ACA41980AFFAFCEF48711F4C20CD2688"
    },
    {
      "AttachmentId": "e24df88f-46a1-54c9-6d77-de77c35ab5ef",
      "Name": "Logo_ISEE_NC",
      "ContentId": "4681CEC154C227BF607947E968E43958EEB3DFAC"
    },
    {
      "AttachmentId": "cdad3bc3-9256-00cd-8359-7e770bdd75bc",
      "Name": "Banniere_asso_V3_small",
      "ContentId": "93A0466B9FCC1BD087BC19A709A224081F9C9DBE"
    },
    {
      "AttachmentId": "62f4cb2d-cc43-559e-3dc6-6a4427464035",
      "Name": "Banniere_asso_V3",
      "ContentId": "C04987D6B7734AEC2C7B8E3029CEE571CA52D46D"
    },
    {
      "AttachmentId": "77a4a98d-b7d4-e202-d90a-1a534bd22a43",
      "Name": "Banniere_asso_V5_small",
      "ContentId": "317ADA0B0A08A2CAC29B63565021CF940497D5F5"
    },
    {
      "AttachmentId": "eaf68ee9-5a37-fa6f-628b-12e973f6e201",
      "Name": "Banniere_asso_V5",
      "ContentId": "7D30A2D0B5CB63CF44FB36E6CC79F8E70317DA51"
    },
    {
      "AttachmentId": "b87345e4-8c95-4e23-6fa9-9ddb24dabcc6",
      "Name": "Visuel_tara_enquete_assso",
      "ContentId": "41BD71382A68A4DF9711F6C5D452DCDC559FD0CF"
    }
  ],
  "Translations": [],
  "Categories": [
    {
      "Id": "f02c601b-5728-1ff1-577d-c08b624ac4db",
      "Name": "activites_domaines_ESS2024"
    },
    {
      "Id": "c8884608-cc74-260c-b1d5-3f33ce5c5b78",
      "Name": "activites_sous_domaines_ESS2024"
    },
    {
      "Id": "a2d8e227-5d74-1f09-48d5-734c0da417d8",
      "Name": "Communes_NC"
    },
    {
      "Id": "b7990c9b-d8b8-0a5c-6dea-931ab6907685",
      "Name": "Communes_NC_PSUD"
    },
    {
      "Id": "0aeb8c83-62de-e777-b734-c15313d9f9aa",
      "Name": "Fonction_repondant"
    }
  ],
  "ConditionExpression": "",
  "HideIfDisabled": false,
  "CreationDate": "2024-10-07T21:27:32.7892477",
  "LastEntryDate": "2024-10-24T23:44:43.1234185",
  "IsDeleted": false,
  "CreatedBy": "f3676175-4ea1-4344-9648-c13f5ac5895e",
  "IsPublic": false,
  "PublicKey": "e385b97b-df63-4ad3-9d7b-7ac8a1f328f1",
  "Title": "Enquête Associations 2024",
  "Description": "",
  "Metadata": {
    "SubTitle": "Impact de la crise débutée en mai 2024 sur les associations ",
    "StudyType": 21,
    "Version": "15",
    "VersionNotes": "V15",
    "KindOfData": "obs",
    "Country": "NCL",
    "Year": 2024,
    "Language": "Français",
    "ModeOfDataCollection": 4,
    "Notes": "",
    "AgreeToMakeThisQuestionnairePublic": false
  },
  "VariableName": "ESS_2024",
  "IsRoster": false,
  "DisplayMode": 0,
  "RosterSizeSource": 0,
  "FixedRosterTitles": [],
  "LastEventSequence": 0,
  "IsUsingExpressionStorage": false,
  "CustomRosterTitle": false,
  "IsCoverPageSupported": true
}